gene_id,log2FoldChange,pvalue,padj
Q0045,4.541325,1.583788e-06,1.723092e-05
Q0070,8.390871,2.659896e-102,8.104703000000001e-99
Q0250,1.533806,1.132719e-06,1.290241e-05
Q0255,3.536816,1.6970940000000002e-17,1.814402e-15
YAL005C,1.245658,0.0001253947,0.0007595975
YAL011W,1.591879,2.618026e-15,2.099243e-13
YAL019W,1.062534,7.538064e-08,1.212057e-06
YAL035W,1.062684,5.235129e-07,6.618854e-06
YAL036C,1.236724,4.153908e-05,0.0002936649
YAL039C,1.207274,0.0001043957,0.0006558631
YAL053W,1.819318,2.449815e-19,3.3929930000000004e-17
YAL055W,1.277392,2.147396e-09,5.131855e-08
YAL059W,1.110309,6.921785e-05,0.000459597
YAR042W,1.474893,1.3169699999999999e-21,2.2930329999999997e-19
YBR030W,1.375207,1.536847e-07,2.273191e-06
YBR072W,1.202859,0.002485409,0.009332153
YBR083W,1.014513,2.899179e-06,2.915445e-05
YBR117C,2.217559,3.743544e-07,4.970187e-06
YBR169C,1.337446,2.88284e-07,3.947871e-06
YBR177C,1.036857,0.000146795,0.0008609901
YBR292C,1.073673,0.0001726885,0.0009835176
YCL001W-A,1.366112,0.002828962,0.01040416
YCL024W,1.093706,6.113769e-05,0.0004158182
YCR020C,1.695926,7.666659e-09,1.591494e-07
YCR024C-B,1.112336,0.0002041291,0.001128823
YCR071C,1.053841,0.0007608429,0.003447269
YCR086W,1.375214,3.569548e-12,1.686266e-10
YDL022C-A,3.219306,6.313252e-05,0.0004255858
YDL024C,1.143942,0.00189825,0.0074201
YDL042C,1.320673,9.035697e-07,1.069195e-05
YDL048C,1.569933,2.436205e-08,4.568072e-07
YDL083C,1.02914,0.007364159,0.02281288
YDL101C,1.132946,2.889951e-05,0.0002119297
YDL181W,1.631976,1.753579e-07,2.54436e-06
YDL208W,1.025928,9.285801e-05,0.0005947233
YDL239C,1.235675,2.208209e-11,8.795312e-10
YDR014W-A,1.484647,0.001252547,0.005213814
YDR034W-B,1.489597,0.001751362,0.006939401
YDR070C,1.923032,6.563762e-07,8.146552e-06
YDR113C,1.096021,5.796177e-05,0.0003959854
YDR116C,1.24719,1.607137e-12,8.094124e-11
YDR207C,1.150901,1.864527e-07,2.686154e-06
YDR218C,2.255852,9.844487e-13,5.171751e-11
YDR223W,1.319629,1.212499e-06,1.358266e-05
YDR273W,1.490913,2.711389e-11,1.044182e-09
YDR277C,1.172466,1.34378e-07,2.05238e-06
YDR310C,1.022523,9.530722e-06,8.100449e-05
YDR342C,1.167231,2.097754e-05,0.0001595969
YDR344C,1.520694,0.0007094406,0.003248183
YDR361C,1.124221,1.733523e-05,0.0001352636
YDR374C,2.432492,7.326742e-07,8.947729e-06
YDR405W,1.056381,1.049141e-06,1.206315e-05
YDR440W,1.143506,1.101714e-06,1.264377e-05
YDR446W,1.571904,0.0001438867,0.000848013
YDR464W,1.089276,7.52227e-10,1.984447e-08
YDR478W,1.480042,5.942436e-11,2.093249e-09
YDR515W,1.712774,4.28045e-15,3.260633e-13
YDR525W,1.385341,0.004067303,0.01398767
YDR527W,1.215069,3.274419e-06,3.239336e-05
YDR533C,1.762814,9.476502e-07,1.104203e-05
YDR540C,1.306137,3.944443e-06,3.803391e-05
YEL009C-A,1.084263,9.471828e-05,0.000602519
YEL032W,1.159484,7.864312e-06,6.866063e-05
YER006W,1.13796,2.168253e-06,2.273625e-05
YER058W,1.11285,4.539382e-06,4.269301e-05
YER060W-A,3.097422,6.630473000000001e-17,6.73435e-15
YER085C,1.911743,4.710114e-05,0.0003280393
YER095W,1.150231,0.0002071442,0.001142386
YER137C,2.450291,1.171739e-15,1.005715e-13
YER154W,1.47154,3.319519e-11,1.241052e-09
YER163C,1.033177,0.0003139687,0.001628362
YFL014W,3.892052,2.03066e-11,8.223677e-10
YFL040W,2.407459,6.048417999999999e-19,7.678971e-17
YFL060C,2.569376,0.0002570528,0.00137652
YFR017C,1.070344,0.0005656843,0.002693188
YFR019W,1.162683,8.917253e-13,4.76682e-11
YGL010W,1.032103,0.002722149,0.01009141
YGL012W,1.262488,3.207424e-05,0.0002338043
YGL018C,1.129363,0.0003247716,0.0016801
YGL023C,1.152478,1.552797e-05,0.0001227334
YGL037C,1.28167,3.534383e-05,0.0002546188
YGL041C-B,1.385261,3.830879e-05,0.0002733651
YGL050W,1.233698,6.086735e-16,5.454788e-14
YGL057C,1.323692,2.076399e-07,2.963367e-06
YGL061C,1.373928,4.345484e-08,7.587787e-07
YGL075C,2.075759,3.537198e-08,6.396346e-07
YGL081W,1.350305,5.502999e-08,9.315354e-07
YGL090W,1.095468,3.69564e-08,6.62389e-07
YGL099W,1.312094,4.340313e-11,1.593365e-09
YGL108C,1.319686,1.4874e-08,2.886693e-07
YGL128C,1.54129,1.312666e-08,2.597202e-07
YGL136C,1.065755,1.709357e-06,1.830725e-05
YGL143C,1.395283,2.562684e-09,6.017831e-08
YGL158W,1.402305,0.0002647147,0.001413108
YGL163C,1.348834,1.342571e-08,2.64102e-07
YGL170C,6.821617,2.939372e-37,1.3778869999999999e-34
YGL171W,1.362006,4.305627e-08,7.539797e-07
YGL174W,1.356584,1.695141e-07,2.481026e-06
YGL180W,1.495323,1.682039e-16,1.653282e-14
YGL183C,1.569081,1.941416e-05,0.0001499492
YGL204C,5.674005,3.606662e-14,2.481792e-12
YGL207W,1.043242,3.985722e-09,8.705732e-08
YGL208W,1.876531,4.603435e-09,9.91284e-08
YGL209W,2.564794,3.768578e-13,2.126455e-11
YGL210W,1.761225,7.434569e-17,7.427256e-15
YGL216W,1.305374,7.357865e-13,3.968038e-11
YGL249W,1.037312,0.0002901229,0.001525461
YGR001C,1.258074,9.388674e-08,1.474603e-06
YGR009C,1.01576,7.910502e-09,1.634122e-07
YGR017W,1.042742,1.031596e-05,8.683072e-05
YGR032W,1.801711,3.215357e-14,2.252229e-12
YGR033C,1.100876,2.242697e-08,4.257631e-07
YGR043C,1.336391,0.0005133024,0.002480622
YGR047C,1.006767,5.710066e-07,7.174669e-06
YGR048W,1.092502,6.496113e-09,1.37893e-07
YGR072W,1.169878,5.905488e-10,1.606609e-08
YGR079W,1.480518,2.214887e-05,0.0001664306
YGR083C,1.110764,7.687194e-08,1.232783e-06
YGR088W,1.099844,0.0001525808,0.0008880876
YGR093W,1.138216,5.427468e-08,9.238824e-07
YGR102C,1.367679,1.660077e-09,4.079237e-08
YGR112W,1.492304,1.003806e-07,1.558621e-06
YGR145W,1.182994,8.891528e-06,7.599575e-05
YGR152C,1.017912,1.612497e-05,0.0001267942
YGR153W,1.521921,9.792296e-08,1.530109e-06
YGR159C,1.422833,3.113415e-06,3.095131e-05
YGR174C,1.972231,2.060913e-10,6.1868e-09
YGR179C,1.237118,1.49621e-06,1.636967e-05
YGR181W,2.006616,3.837064e-06,3.717499e-05
YGR184C,1.370862,9.312526000000001e-27,2.182713e-24
YGR186W,1.271367,5.021066e-15,3.777578e-13
YGR187C,1.920625,2.652953e-13,1.569621e-11
YGR196C,1.467596,6.795529e-18,7.813577e-16
YGR214W,1.334782,3.534747e-05,0.0002546188
YGR225W,1.325701,1.171118e-06,1.32408e-05
YGR236C,1.023449,0.0155048,0.04204996
YGR238C,1.164259,6.534986e-11,2.249955e-09
YGR239C,1.765408,1.100816e-09,2.795155e-08
YGR251W,1.569131,1.031801e-09,2.66432e-08
YGR256W,1.134912,0.002244262,0.00856389
YGR270W,1.160782,8.270237e-14,5.305139e-12
YGR273C,1.104772,0.01089663,0.03150097
YGR274C,1.201057,1.649028e-14,1.182256e-12
YGR278W,1.075494,1.005149e-07,1.558621e-06
YGR280C,1.31795,1.045295e-06,1.206315e-05
YGR281W,1.008725,4.226548e-06,4.037082e-05
YGR283C,1.256373,5.585813e-08,9.429347e-07
YGR285C,1.005814,1.885608e-05,0.0001461946
YHL010C,1.091959,9.923158e-11,3.268742e-09
YHL028W,2.514062,7.486588e-14,4.853539e-12
YHL031C,1.049281,0.0001749771,0.0009956213
YHR015W,1.386726,2.206057e-05,0.0001664306
YHR096C,2.43273,6.423986e-06,5.782536e-05
YHR138C,1.011972,0.00300924,0.01099419
YHR153C,1.157785,0.001801486,0.007124111
YHR215W,2.15379,0.0005991809,0.002826167
YIL008W,1.164141,0.0007261511,0.003312249
YIL009C-A,2.08121,9.436526e-07,1.103766e-05
YIL011W,1.451223,0.0003910017,0.001961123
YIL013C,1.757503,1.030992e-12,5.369972e-11
YIL014W,1.816025,2.687964e-21,4.427150000000001e-19
YIL024C,1.497435,0.0006005122,0.002830256
YIL044C,1.123663,7.570887e-06,6.667195e-05
YIL046W-A,1.368005,0.002265214,0.008625961
YIL064W,1.468033,6.065127e-08,1.005759e-06
YIL073C,1.49849,4.776507e-06,4.457585e-05
YIL091C,1.318928,1.045421e-06,1.206315e-05
YIL092W,1.064303,4.488766e-07,5.807758e-06
YIL099W,1.382766,1.113903e-06,1.27357e-05
YIL101C,1.412125,6.579937e-07,8.150027e-06
YIL121W,1.238437,3.110243e-06,3.095131e-05
YIL127C,1.420471,4.752225e-07,6.109717e-06
YIL136W,1.085523,0.0002445273,0.00132156
YIL138C,1.231521,6.713289e-12,2.96455e-10
YIL152W,1.059108,0.0002488831,0.001339835
YIL161W,1.455562,2.154609e-12,1.067495e-10
YIL172C,1.150818,0.006370083,0.02018683
YIL177C,1.107443,0.0004709177,0.002299497
YIR002C,1.257445,9.581065e-16,8.461886e-14
YIR010W,1.620018,1.377014e-13,8.562779e-12
YIR019C,3.832932,1.79714e-24,3.776472e-22
YIR035C,1.155597,0.0006472746,0.003015666
YIR038C,1.468728,1.886856e-06,2.010227e-05
YIR042C,1.849554,0.0002503763,0.001346684
YJL033W,1.125095,2.581356e-05,0.0001909076
YJL037W,1.16547,0.003861126,0.01338436
YJL038C,1.189487,0.00174536,0.006920118
YJL084C,1.552876,9.218487000000001e-18,1.040323e-15
YJL088W,2.448684,7.922006e-07,9.522032e-06
YJL092W,1.113368,1.590065e-17,1.730331e-15
YJL098W,1.332132,9.235185e-07,1.087624e-05
YJL102W,1.317773,8.942635e-08,1.411824e-06
YJL104W,1.169273,1.340665e-06,1.496339e-05
YJL122W,1.319221,1.149713e-05,9.506579e-05
YJL148W,1.025014,0.000426374,0.002102203
YJL162C,1.236688,1.009326e-09,2.617376e-08
YJL174W,1.506146,2.334691e-11,9.190058e-10
YJR056C,1.472291,1.124187e-08,2.260989e-07
YJR060W,1.076342,9.245089e-07,1.087624e-05
YJR061W,1.158189,4.792462e-07,6.13556e-06
YJR072C,1.082256,6.837802e-08,1.114159e-06
YJR078W,1.020339,0.006207742,0.01976488
YJR082C,1.688676,4.398711e-08,7.636964e-07
YJR094C,1.076874,0.008078299,0.02462689
YJR112W,1.333926,0.0001208869,0.0007379752
YKL028W,1.016009,2.771085e-08,5.132825e-07
YKL050C,1.577486,5.087134e-11,1.823588e-09
YKL065W-A,1.969285,1.73814e-05,0.0001354505
YKL070W,1.524132,0.0001198048,0.0007322875
YKL071W,1.042422,0.01182034,0.03372317
YKL096W-A,3.16765,1.007737e-06,1.167519e-05
YKL113C,1.413528,8.361732e-08,1.333937e-06
YKL139W,1.070892,3.08941e-07,4.202425e-06
YKL201C,1.170561,1.296173e-09,3.250567e-08
YKR015C,1.913132,1.389293e-09,3.469817e-08
YKR037C,1.27571,2.296144e-07,3.224125e-06
YKR050W,1.197907,2.072768e-08,3.947327e-07
YKR081C,1.161395,1.697261e-05,0.0001327742
YLL006W-A,1.613975,1.999746e-06,2.112292e-05
YLL022C,1.331589,3.843309e-08,6.848282e-07
YLL030C,1.458467,0.001585637,0.006369724
YLL036C,1.032454,5.885631e-10,1.606609e-08
YLL046C,2.858937,2.2275370000000003e-17,2.34045e-15
YLR003C,1.024479,4.285589e-07,5.592372e-06
YLR025W,1.043097,8.148816e-11,2.758827e-09
YLR032W,1.421568,1.406468e-11,5.791228e-10
YLR103C,1.112148,0.0001117674,0.0006946242
YLR106C,1.105241,9.125563e-07,1.077736e-05
YLR121C,2.055319,4.077986e-08,7.182441e-07
YLR151C,1.311515,3.414353e-07,4.593171e-06
YLR172C,1.086474,9.121867e-08,1.436399e-06
YLR194C,1.048893,0.002973502,0.01087666
YLR204W,1.030929,2.461339e-07,3.408955e-06
YLR216C,1.087628,0.001355267,0.005595525
YLR224W,1.161522,3.019047e-07,4.1159e-06
YLR255C,1.424385,9.460222e-07,1.104203e-05
YLR258W,1.240089,1.85896e-05,0.0001443121
YLR259C,1.046864,1.560678e-05,0.0001231965
YLR263W,1.104538,1.55968e-07,2.301377e-06
YLR323C,1.043742,0.005108131,0.01691791
YLR343W,1.148129,6.707336e-05,0.0004491704
YLR353W,1.062728,2.192263e-06,2.291535e-05
YLR363W-A,1.524946,1.347028e-05,0.0001091594
YLR383W,1.030822,2.842857e-08,5.233017e-07
YLR394W,1.359585,2.282011e-09,5.411118e-08
YLR399C,1.207616,3.62454e-14,2.481792e-12
YLR406C-A,1.002973,0.01554378,0.04213691
YLR407W,1.153349,5.40392e-05,0.0003721072
YLR412C-A,1.186254,0.0001846949,0.001038164
YLR427W,1.088409,1.247239e-11,5.205941e-10
YLR455W,1.01567,5.122888e-07,6.503933e-06
YML009C,1.710097,5.52083e-11,1.956043e-09
YML048W,1.011894,4.363132e-07,5.675033e-06
YML081C-A,1.306988,0.0005986591,0.002825893
YML085C,1.077591,0.0001410889,0.0008371915
YMR005W,1.333064,2.630599e-11,1.02762e-09
YMR014W,1.173445,4.458104e-06,4.225146e-05
YMR030W,1.059604,1.697715e-07,2.481026e-06
YMR035W,1.098321,0.00634383,0.02013505
YMR055C,1.228051,4.834235e-05,0.0003355333
YMR076C,1.728078,2.873484e-09,6.683592e-08
YMR101C,2.08471,4.6039e-12,2.093744e-10
YMR118C,1.368782,0.00122234,0.005098563
YMR127C,1.74433,3.999506e-08,7.085172e-07
YMR128W,1.01592,4.470446e-05,0.0003136929
YMR136W,1.473544,2.367184e-06,2.453336e-05
YMR169C,3.05523,9.11287e-10,2.3937e-08
YMR170C,2.245716,3.462962e-07,4.648302e-06
YMR175W-A,1.495338,0.00139145,0.005721656
YMR224C,1.098308,8.864261e-06,7.586911e-05
YMR251W-A,1.359727,0.0004087231,0.002031614
YMR277W,1.085164,1.143806e-05,9.470587e-05
YMR295C,1.906573,5.409022e-23,9.98866e-21
YNCC0002W,11.43231,0.0001118873,0.0006946242
YNCC0005W,1.792645,0.003084494,0.01122874
YNCD0010C,1.806211,7.166962e-08,1.1585e-06
YNCD0026W,2.610945,0.001771427,0.007014343
YNCD0030W,1.007707,0.0007749443,0.003500749
YNCE0011C,3.686191,8.53995e-09,1.758191e-07
YNCF0012C,1.791647,0.00308705,0.01123133
YNCG0026W,1.504836,7.361573e-05,0.0004823809
YNCG0034W,1.081793,0.006678369,0.02099999
YNCG0039W,3.678658,0.00106707,0.00458261
YNCG0040C,2.884082,0.001530278,0.006212867
YNCG0044C,3.714198,1.15709e-09,2.925854e-08
YNCG0047C,1.592424,0.0006829066,0.003150366
YNCG0048W,1.132742,0.0003494597,0.001790046
YNCH0014W,1.115154,0.001012019,0.004373933
YNCI0001W,1.378508,3.348373e-13,1.943332e-11
YNCI0010C,22.00286,2.332171e-08,4.400077e-07
YNCI0013W,4.521079,2.939588e-13,1.722485e-11
YNCJ0003C,1.595284,5.432073e-06,5.015614e-05
YNCJ0019C,20.42436,1.991763e-10,6.019239e-09
YNCJ0024W,19.61531,1.737671e-07,2.527295e-06
YNCK0004W,16.65031,1.094572e-05,9.112458e-05
YNCK0008W,1.133247,0.006205656,0.01976488
YNCK0009W,3.314388,3.095575e-09,7.0128e-08
YNCM0005C,1.209105,0.001023942,0.004412943
YNCM0012W,1.52791,4.536899e-06,4.269301e-05
YNCM0013W,1.610113,2.084598e-05,0.0001587943
YNCM0014W,1.107609,0.0003125408,0.001625106
YNCM0017W,1.097316,6.889462e-05,0.0004583448
YNCP0003W,1.769592,0.0001713345,0.0009776335
YNCP0007C,15.30828,3.436877e-05,0.0002481555
YNL058C,1.773673,1.213967e-13,7.626718e-12
YNL088W,1.102369,2.825502e-11,1.076163e-09
YNL133C,1.044953,1.548538e-08,2.995807e-07
YNL143C,1.379512,0.0009743592,0.004229163
YNL227C,1.495101,5.530947e-16,5.030685e-14
YNL232W,1.345084,7.493755e-09,1.563936e-07
YNL245C,1.257253,1.22531e-08,2.44821e-07
YNL269W,1.468409,0.002112417,0.008106465
YNL270C,1.2913,0.0003808835,0.001921612
YNL299W,1.146886,3.922418e-05,0.0002792431
YNR022C,1.777875,4.059528e-28,1.1244890000000001e-25
YNR038W,2.165443,1.713857e-15,1.45059e-13
YNR039C,1.027085,3.73214e-06,3.638986e-05
YOL022C,1.037032,5.415125e-08,9.238824e-07
YOL027C,1.221302,3.260315e-11,1.226442e-09
YOL029C,1.10854,0.0002450418,0.001322661
YOL052C-A,2.919658,5.769473e-06,5.275996e-05
YOL058W,1.461299,0.0001663362,0.0009553752
YOL070C,1.199752,3.979772e-10,1.112511e-08
YOL071W,1.371237,2.643379e-07,3.652778e-06
YOL077W-A,1.195396,3.868164e-06,3.741681e-05
YOL091W,1.162985,9.820753e-05,0.0006201831
YOL100W,1.043628,3.70657e-07,4.942634e-06
YOL112W,1.023636,2.642921e-08,4.92537e-07
YOL140W,1.000893,0.00134364,0.005562597
YOR003W,1.3186,1.285285e-06,1.437161e-05
YOR004W,1.178361,6.544426e-06,5.882261e-05
YOR017W,1.532347,2.892393e-24,5.875414e-22
YOR020C,1.590564,2.817074e-06,2.851703e-05
YOR027W,1.067395,1.242136e-07,1.91151e-06
YOR064C,1.589255,6.246424e-12,2.778519e-10
YOR078W,1.385729,1.343479e-08,2.64102e-07
YOR084W,1.020489,5.6894e-05,0.0003895641
YOR091W,1.321098,1.166552e-07,1.804306e-06
YOR104W,1.037807,4.541556e-07,5.863611e-06
YOR119C,1.244447,4.006062e-06,3.844557e-05
YOR180C,1.429373,4.729616e-05,0.0003290215
YOR188W,1.217815,3.939573e-10,1.106348e-08
YOR239W,1.31289,1.676813e-12,8.375817e-11
YOR242C,2.22087,7.177827e-12,3.146883e-10
YOR245C,1.212502,7.772674e-11,2.661049e-09
YOR252W,1.231231,0.0003588771,0.001828593
YOR255W,1.014259,0.0139156,0.03847626
YOR298W,1.25847,1.055837e-05,8.838281e-05
YOR306C,1.609164,2.339577e-10,6.887626e-09
YOR310C,1.007577,0.0002396412,0.00129811
YOR358W,1.0286,0.0013804,0.005680053
YPL062W,1.068759,0.01016665,0.02968641
YPL093W,1.087982,0.0001790705,0.001014178
YPL116W,1.000279,3.111557e-05,0.000227549
YPL158C,1.096808,1.969157e-09,4.780893e-08
YPL183W-A,1.046549,0.003378334,0.01202545
YPL193W,1.169977,2.617745e-08,4.893417e-07
YPL256C,1.683412,1.030319e-10,3.357629e-09
YPR018W,1.1241,6.619893e-05,0.000444291
YPR037C,1.015601,0.001743734,0.006920118
YPR078C,1.109937,0.00336087,0.01197728
YPR100W,1.182794,3.294798e-09,7.40904e-08
YPR133W-A,1.010127,0.003076632,0.01121351
YPR151C,1.077715,0.0006943493,0.003195895
YPR154W,1.289941,0.0014236,0.005842034
Q0020,-1.286417,0.0002885528,0.001519828
Q0055,-11.09858,2.885262e-210,1.7582790000000002e-206
Q0075,-9.399585,9.459754e-78,1.152955e-74
Q0085,-1.87862,9.262829e-07,1.087624e-05
Q0110,-7.456061,8.91619e-60,7.762179999999999e-57
Q0158,-1.764642,1.578751e-10,4.9338e-09
Q0275,-3.543545,3.370641e-10,9.689002e-09
YAL063C,-1.100279,0.002160892,0.008276856
YAL064C-A,-3.699435,2.74889e-05,0.0002020716
YAL065C,-1.315693,0.0005388169,0.002585473
YAR028W,-1.228902,0.003438664,0.01218934
YAR061W,-1.111719,0.001478053,0.00603299
YAR071W,-1.114991,0.006395186,0.02022737
YBL003C,-1.32764,1.350856e-06,1.496748e-05
YBL005W,-1.500486,3.028114e-09,6.911358e-08
YBL016W,-1.631573,4.141295e-05,0.0002931133
YBL017C,-1.150283,2.273293e-10,6.724976e-09
YBL029W,-1.48373,8.367649e-12,3.616486e-10
YBL037W,-1.471506,4.986955e-11,1.808959e-09
YBL071C,-1.015891,0.01433895,0.0394321
YBL089W,-1.149517,1.436143e-07,2.15563e-06
YBL098W,-1.139042,0.000523784,0.002523273
YBL111C,-1.751734,0.0004675292,0.002284782
YBL112C,-1.004265,0.01383219,
YBR004C,-1.065107,0.0001212674,0.0007382652
YBR039W,-1.267051,6.860476e-05,0.0004569152
YBR054W,-1.976981,3.159266e-09,7.13058e-08
YBR058C-A,-1.231,0.0003391965,0.001744357
YBR067C,-1.355173,0.0001544718,0.0008965248
YBR077C,-1.110774,6.176651e-05,0.0004186931
YBR078W,-1.666183,3.637426e-07,4.861069e-06
YBR085W,-1.473388,0.0005865334,0.002779421
YBR093C,-1.909622,0.0001271518,0.0007687133
YBR104W,-2.752254,1.623639e-13,9.894456e-12
YBR107C,-1.415635,0.000908346,0.003990959
YBR115C,-1.263572,2.609287e-10,7.571903e-09
YBR125C,-1.171141,9.692685e-06,8.208493e-05
YBR127C,-1.644535,2.813992e-09,6.570293e-08
YBR132C,-1.262904,0.0002726118,0.001447122
YBR145W,-2.077258,6.387281e-08,1.049167e-06
YBR149W,-1.330554,1.949227e-07,2.794962e-06
YBR159W,-2.187341,4.411688e-14,2.954376e-12
YBR163W,-1.23483,8.852205e-09,1.810246e-07
YBR164C,-1.269869,0.0005077576,0.002457724
YBR166C,-1.043293,1.007507e-05,8.503808e-05
YBR182C,-1.229786,0.0002844777,0.001504867
YBR201W,-1.143225,1.047829e-05,8.795415e-05
YBR204C,-1.539219,2.865505e-06,2.891124e-05
YBR210W,-1.89073,2.325326e-07,3.242686e-06
YBR211C,-2.053101,2.268601e-18,2.710756e-16
YBR221C,-1.355702,8.779975e-06,7.52534e-05
YBR235W,-1.339199,1.59303e-09,3.949234e-08
YBR238C,-1.681746,3.601607e-09,7.981162e-08
YBR244W,-1.573269,6.22234e-05,0.0004213215
YBR248C,-1.107646,5.18911e-06,4.813156e-05
YBR254C,-1.418823,0.001565987,0.00631357
YBR256C,-1.247433,6.945993e-05,0.000459597
YBR293W,-1.226998,0.0004788937,0.002330973
YBR297W,-1.873192,2.269742e-08,4.295593e-07
YBR299W,-3.831718,6.93028e-22,1.2421509999999998e-19
YCL018W,-1.676731,1.618861e-06,1.749174e-05
YCL025C,-1.137194,3.959563e-06,3.81194e-05
YCL030C,-3.307216,2.589399e-15,2.099243e-13
YCL038C,-1.818028,4.029716e-09,8.770389e-08
YCL040W,-1.803225,2.140911e-11,8.583364e-10
YCL042W,-1.063189,0.004312538,0.01469833
YCR005C,-2.123637,2.726022e-12,1.318443e-10
YCR006C,-1.243933,0.001986827,0.007715949
YCR012W,-1.699168,1.425291e-05,0.0001147387
YCR015C,-1.647445,6.542371e-07,8.136573e-06
YCR017C,-1.13983,8.945741e-12,3.839109e-10
YCR019W,-1.05665,0.00113472,0.00480426
YCR020C-A,-2.480898,3.474635e-07,4.65372e-06
YCR023C,-1.004999,2.80201e-06,2.845909e-05
YCR028C,-1.119093,0.0002558853,0.001371473
YCR041W,-1.190104,6.231973e-06,5.643037e-05
YCR044C,-1.083315,0.000203936,0.00112878
YCR048W,-1.004921,0.005956138,0.01913374
YCR061W,-1.41228,2.171398e-06,2.273625e-05
YCR097W,-1.567214,1.71813e-07,2.504852e-06
YDL009C,-1.499964,1.412027e-05,0.0001138394
YDL021W,-1.161991,0.0001925043,0.001073304
YDL033C,-1.14662,0.0004720888,0.00230337
YDL052C,-1.42081,9.714806e-10,2.530001e-08
YDL066W,-1.072033,2.204405e-05,0.0001664306
YDL085C-A,-1.535991,3.568968e-08,6.41572e-07
YDL119C,-1.841286,6.252482e-11,2.164922e-09
YDL125C,-1.196593,1.404583e-07,2.123953e-06
YDL133C-A,-1.633632,1.47111e-05,0.0001178048
YDL138W,-1.441167,1.410873e-08,2.755725e-07
YDL141W,-1.194947,7.714575e-06,6.764406e-05
YDL142C,-1.277765,0.0003369402,0.001734218
YDL160C,-1.400316,6.917836e-08,1.121205e-06
YDL178W,-1.079649,3.294328e-08,5.974891e-07
YDL184C,-1.948994,4.257438e-08,7.476896e-07
YDL185W,-1.425754,8.030191e-11,2.733854e-09
YDL204W-A,-1.019038,0.01366064,
YDL205C,-1.036136,1.935457e-06,2.054822e-05
YDL215C,-1.498752,6.096904e-11,2.135318e-09
YDL222C,-1.032134,0.006401777,0.02023466
YDL238C,-1.108962,0.0005941426,0.002806748
YDR007W,-1.187989,0.0001615972,0.0009308388
YDR031W,-1.027084,0.002649802,0.009852282
YDR034C-D,-2.699285,1.904195e-18,2.320833e-16
YDR038C,-2.765712,1.477903e-06,1.620134e-05
YDR040C,-1.074051,0.0118107,0.03371166
YDR044W,-1.694199,6.04482e-06,5.506297e-05
YDR046C,-1.177377,2.227175e-15,1.834108e-13
YDR066C,-1.442486,6.807766e-05,0.0004539007
YDR075W,-1.092859,0.002389131,0.009026266
YDR078C,-1.041119,7.660827e-07,9.262913e-06
YDR119W-A,-1.309616,1.712771e-05,0.0001338157
YDR131C,-1.21464,2.43058e-05,0.0001812969
YDR177W,-1.078603,3.891742e-10,1.097976e-08
YDR189W,-1.537418,2.263593e-09,5.388412e-08
YDR210W-B,-1.237865,0.00598044,0.01918148
YDR212W,-1.094884,0.0001616061,0.0009308388
YDR233C,-1.400574,1.205922e-09,3.036732e-08
YDR246W-A,-1.593732,0.0008283356,0.003695371
YDR249C,-1.996863,9.804491e-13,5.171751e-11
YDR254W,-1.486712,3.388438e-09,7.591597e-08
YDR260C,-1.506204,0.00200438,0.007760288
YDR261W-B,-2.403194,1.537317e-11,6.287522e-10
YDR275W,-1.129731,0.0001273009,0.0007688521
YDR282C,-1.136959,2.276463e-05,0.0001704271
YDR288W,-1.398446,1.46747e-05,0.0001176679
YDR302W,-1.003303,0.004823073,0.01615161
YDR319C,-1.070777,2.04964e-05,0.0001565906
YDR320C-A,-1.155629,0.003218036,0.01160397
YDR328C,-1.010657,0.0003864176,0.001942441
YDR357C,-1.650403,4.401764e-07,5.707308e-06
YDR371W,-1.876403,6.073522e-10,1.637701e-08
YDR385W,-1.593835,1.480699e-05,0.0001184171
YDR408C,-1.235928,0.0002469613,0.001331842
YDR409W,-1.220095,2.168656e-06,2.273625e-05
YDR424C,-1.082803,8.937742e-05,0.0005745422
YDR437W,-1.068975,0.01284309,0.03613378
YDR449C,-2.071942,2.835457e-08,5.233017e-07
YDR456W,-1.202457,3.642903e-09,8.014386e-08
YDR476C,-1.361839,1.18841e-05,9.747201e-05
YDR481C,-1.155597,8.580277e-07,1.023253e-05
YDR502C,-2.449838,1.319939e-07,2.021033e-06
YDR504C,-1.930539,4.963004e-11,1.808959e-09
YDR513W,-1.392509,0.0007624687,0.003452068
YDR541C,-1.405392,2.189138e-05,0.0001659279
YEL003W,-2.406842,6.461756000000001e-17,6.674227e-15
YEL017C-A,-1.904299,7.464045e-06,6.590343e-05
YEL020W-A,-1.271101,0.000220756,0.001204713
YEL024W,-2.625658,1.10318e-05,9.159102e-05
YEL025C,-2.09887,4.201853e-15,3.241277e-13
YEL040W,-2.435796,7.316052e-10,1.946901e-08
YEL046C,-2.981028,5.761973e-15,4.28213e-13
YEL047C,-2.221345,1.995219e-10,6.019239e-09
YEL062W,-1.337277,1.303565e-07,2.000989e-06
YEL063C,-1.05437,6.417413e-07,7.997488e-06
YEL065W,-2.217766,4.432557e-09,9.612812e-08
YEL071W,-3.329703,4.3123870000000004e-23,8.212403e-21
YEL072W,-1.881438,3.398293e-10,9.722627e-09
YER001W,-1.238345,1.198987e-06,1.347473e-05
YER009W,-5.443849,2.276849e-42,1.261374e-39
YER043C,-1.654404,1.843355e-07,2.661944e-06
YER044C,-1.35046,1.601221e-06,1.736271e-05
YER046W,-2.302458,3.712786e-10,1.052359e-08
YER052C,-1.063432,0.001890942,0.007405786
YER055C,-1.45099,1.168555e-05,9.610222e-05
YER061C,-1.356338,7.342621e-05,0.000482176
YER066W,-1.318677,3.643799e-06,3.569985e-05
YER070W,-1.069117,0.002302922,0.008734719
YER071C,-1.146978,0.001186594,0.004959606
YER072W,-1.636631,8.676852e-06,7.457931e-05
YER078C,-1.752379,3.066118e-12,1.471254e-10
YER086W,-1.463586,2.96529e-07,4.051676e-06
YER091C,-2.91866,5.682713e-08,9.53216e-07
YER119C,-1.022607,4.557255e-07,5.87144e-06
YER138W-A,-2.950602,7.499427e-12,3.264393e-10
YER160C,-1.146931,0.009041828,0.02699701
YER168C,-1.000187,3.892902e-05,0.000277466
YER174C,-1.041497,0.0038321,0.01332163
YER188W,-3.451946,1.047551e-09,2.682259e-08
YFL002W-A,-1.173523,0.001679176,0.006701309
YFL005W,-1.047515,0.005303292,0.01740348
YFL009W,-1.642937,1.961192e-13,1.171716e-11
YFL010W-A,-3.998099,1.561065e-10,4.903675e-09
YFL017W-A,-1.377781,0.003541982,0.01246958
YFL051C,-2.189813,4.712904e-06,4.411742e-05
YFL052W,-1.745038,7.353888e-07,8.951736e-06
YFL054C,-1.04107,0.01287604,0.03620978
YFR020W,-1.51713,6.198472e-06,5.621055e-05
YFR022W,-1.041744,1.546713e-05,0.0001225276
YFR035C,-1.164561,0.005077847,0.01682675
YFR055W,-2.74165,2.496699e-10,7.314848e-09
YGL001C,-2.171007,3.451418e-11,1.282496e-09
YGL028C,-1.055971,0.001432039,0.005864815
YGL054C,-1.255497,0.0004004656,0.00199872
YGL064C,-2.281366,1.900407e-18,2.320833e-16
YGL077C,-1.575048,2.567502e-09,6.017831e-08
YGL082W,-2.087347,3.626464e-09,8.007127e-08
YGL162W,-1.806112,4.392064e-10,1.216602e-08
YGL188C-A,-2.75029,6.851497e-07,8.434954e-06
YGL194C-A,-1.171843,0.001415851,0.005814146
YGL234W,-1.089147,0.005386975,0.0176401
YGL253W,-1.41538,1.041308e-05,8.752732e-05
YGL255W,-3.764649,2.18327e-10,6.490169e-09
YGL256W,-3.637693,1.798053e-13,1.084885e-11
YGL262W,-1.305667,8.116171e-05,0.0005261696
YGL263W,-1.900555,4.723743e-06,4.415106e-05
YGR003W,-1.944028,4.215635e-11,1.556974e-09
YGR050C,-1.05585,0.001244214,0.005182668
YGR081C,-1.051368,0.0009387638,0.004100951
YGR109W-B,-1.145139,0.003428599,0.01216175
YGR121C,-1.346022,1.366279e-06,1.51109e-05
YGR132C,-1.196696,0.0008589667,0.003812486
YGR161C-D,-3.563881,0.001118783,0.004753817
YGR175C,-1.099658,0.0001165375,0.000715186
YGR191W,-1.153184,0.0001720569,0.0009808368
YGR203W,-1.657767,3.655564e-05,0.0002623911
YGR212W,-1.543276,3.880959e-06,3.748109e-05
YGR222W,-1.49238,1.594812e-10,4.958564e-09
YGR247W,-1.884728,6.029345e-05,0.0004109936
YGR286C,-1.027024,0.004836659,0.01617565
YGR287C,-2.192243,3.502316e-09,7.817991e-08
YGR288W,-2.337256,2.8363409999999997e-19,3.841036e-17
YGR289C,-4.520597,4.5116049999999996e-20,6.705785e-18
YGR292W,-4.701156,9.862726e-11,3.266492e-09
YHL018W,-1.092906,0.01106843,0.03189174
YHL035C,-1.171857,2.337478e-11,9.190058e-10
YHL036W,-1.485678,2.333413e-06,2.42659e-05
YHL042W,-1.663691,0.001148134,0.004825328
YHL043W,-3.070075,5.73291e-13,3.147419e-11
YHL044W,-1.546036,9.974107e-06,8.430265e-05
YHR003C,-5.916373,4.796336e-63,4.871478e-60
YHR018C,-1.787162,8.779887e-08,1.39335e-06
YHR026W,-1.095334,0.0005446143,0.002609182
YHR029C,-1.040621,0.004944904,0.01644882
YHR039C,-1.910148,1.690968e-07,2.481026e-06
YHR046C,-1.990148,2.273729e-06,2.368564e-05
YHR063C,-2.462493,5.455462e-13,3.022326e-11
YHR074W,-1.146893,2.507318e-05,0.0001858832
YHR112C,-2.29708,1.070415e-11,4.529935e-10
YHR123W,-1.367035,0.0001211617,0.0007382652
YHR133C,-1.106019,0.001569482,0.006317322
YHR136C,-3.796923,5.103997e-12,2.287041e-10
YHR137W,-1.264968,0.001110003,0.004727016
YHR143W,-1.627668,6.616945e-05,0.000444291
YHR162W,-1.019823,0.0006232091,0.002919167
YHR167W,-1.049052,8.182928e-06,7.085509e-05
YHR171W,-1.651147,5.485431e-07,6.906657e-06
YHR175W,-1.036182,0.003177744,0.01149951
YHR180W,-2.081901,3.572768e-09,7.946149e-08
YHR183W,-1.008085,0.0004444581,0.002182536
YHR190W,-1.336058,3.093959e-06,3.085857e-05
YHR204W,-1.58421,1.585582e-06,1.723092e-05
YHR206W,-1.089198,0.0006226228,0.002918664
YHR210C,-1.510436,4.612939e-05,0.0003223767
YHR211W,-3.042347,5.464026e-11,1.947238e-09
YHR214C-E,-3.794014,1.136909e-10,3.627395e-09
YHR216W,-1.692503,1.265807e-08,2.52086e-07
YIL029C,-1.007471,0.0151521,0.04122182
YIL043C,-1.800607,1.613126e-06,1.746072e-05
YIL057C,-1.118104,0.005941689,0.01910747
YIL060W,-2.189237,4.486493e-13,2.50832e-11
YIL074C,-1.353792,0.0002857676,0.00151038
YIL082W-A,-5.620916,6.886896e-07,8.461441e-06
YIL088C,-1.84202,1.193167e-11,5.014591e-10
YIL116W,-1.099491,0.0001530964,0.0008902381
YIL162W,-1.611437,5.693643e-08,9.53216e-07
YIL164C,-1.002023,0.005502229,0.01791164
YIL166C,-1.390549,2.05053e-05,0.0001565906
YIL169C,-1.038408,0.001817548,0.007164382
YIR032C,-1.159676,0.004750518,0.01597116
YIR043C,-1.626996,1.789444e-05,0.0001390927
YJL002C,-1.067915,4.004108e-05,0.000283733
YJL003W,-1.934081,3.759015e-07,4.979878e-06
YJL004C,-1.44167,0.000150668,0.0008794741
YJL008C,-1.098863,1.802786e-06,1.9274e-05
YJL012C,-1.440312,6.170492e-06,5.611284e-05
YJL053W,-1.52394,1.34548e-06,1.496748e-05
YJL056C,-1.311113,5.538438e-06,5.106088e-05
YJL060W,-1.194731,0.000414725,0.002056415
YJL078C,-2.038421,4.026386e-10,1.120402e-08
YJL101C,-2.157032,1.386597e-27,3.5208020000000002e-25
YJL113W,-1.83698,0.0001335115,0.0007984488
YJL126W,-1.469373,2.914544e-05,0.0002134763
YJL159W,-1.397567,2.319939e-07,3.242594e-06
YJL161W,-1.392186,9.564543e-05,0.0006071492
YJL167W,-1.938116,2.124583e-09,5.097325e-08
YJL194W,-1.317077,0.0003746759,0.001897984
YJL196C,-1.542531,2.597639e-05,0.0001916467
YJL199C,-2.820745,3.972807e-09,8.705732e-08
YJL206C,-1.100374,8.63737e-07,1.02805e-05
YJL214W,-1.200342,0.0006579037,0.003055843
YJL216C,-1.2301,0.003037446,0.01108395
YJR001W,-1.007743,6.312302e-06,5.707295e-05
YJR009C,-2.368888,1.118477e-06,1.276404e-05
YJR010W,-1.581729,6.271727e-09,1.33636e-07
YJR011C,-1.256614,1.542374e-05,0.0001225276
YJR016C,-1.411305,9.55592e-05,0.0006071492
YJR030C,-3.376378,6.096884000000001e-32,2.0641340000000001e-29
YJR042W,-1.005835,1.200653e-06,1.347473e-05
YJR062C,-3.223214,1.817408e-31,5.829097000000001e-29
YJR090C,-1.392075,3.720075e-13,2.118704e-11
YJR099W,-1.029146,0.0005483493,0.002622952
YJR107C-A,-1.61581,8.330644e-11,2.804803e-09
YJR109C,-1.623539,2.924844e-09,6.765885e-08
YJR116W,-1.832432,2.023059e-07,2.894019e-06
YJR121W,-1.556498,8.801865e-07,1.045586e-05
YJR124C,-1.780289,2.831288e-07,3.886006e-06
YJR136C,-1.289547,3.114142e-05,0.000227549
YJR137C,-1.591528,9.966716e-09,2.024572e-07
YJR152W,-1.033548,0.008606112,0.02584803
YJR161C,-1.479092,9.571487e-07,1.113142e-05
YKL001C,-1.296768,0.0007829232,0.003531557
YKL025C,-1.299475,6.371777e-06,5.744025e-05
YKL039W,-1.026516,2.289057e-07,3.221596e-06
YKL043W,-1.325767,1.153804e-10,3.662125e-09
YKL051W,-1.036182,5.750051e-06,5.273501e-05
YKL080W,-1.141511,4.298293e-06,4.099186e-05
YKL102C,-2.270035,0.0002446208,0.00132156
YKL103C,-1.22069,3.69808e-06,3.611554e-05
YKL108W,-6.163086,5.421875e-87,8.260226e-84
YKL120W,-1.206841,0.001574258,0.006328184
YKL128C,-1.080102,0.004834565,0.01617565
YKL132C,-1.017678,0.006426747,0.02029254
YKL150W,-1.77136,2.468838e-09,5.831434e-08
YKL151C,-1.166728,0.0002298617,0.001250694
YKL174C,-1.352587,8.928232e-08,1.411824e-06
YKL184W,-1.271934,5.219099e-07,6.612305e-06
YKL198C,-1.114139,7.78546e-06,6.806972e-05
YKL206C,-1.616515,2.660404e-08,4.942835e-07
YKL211C,-1.039043,0.0001502412,0.0008778233
YKL212W,-1.24038,2.783166e-06,2.831488e-05
YKL213C,-1.558607,9.491378e-14,6.025048e-12
YKL219W,-2.954047,1.776534e-16,1.718444e-14
YKL220C,-1.122263,0.0001288697,0.000774489
YKR005C,-1.337403,0.000880203,0.003886926
YKR021W,-1.424876,5.478569e-08,9.299833e-07
YKR027W,-1.266172,2.479175e-05,0.00018447
YKR032W,-1.040887,0.01358475,0.03780158
YKR039W,-1.559023,7.20289e-06,6.415107e-05
YKR046C,-1.116798,6.159863e-05,0.0004181677
YKR074W,-1.959167,4.028009e-14,2.727409e-12
YKR080W,-1.096187,0.004917536,0.01636672
YKR093W,-1.482676,8.490082e-11,2.842778e-09
YKR102W,-2.166802,1.478506e-07,2.202938e-06
YLL014W,-1.33888,0.0002050476,0.001132874
YLL015W,-1.041824,2.724401e-11,1.044182e-09
YLL017W,-1.078474,0.01232638,0.03487325
YLL018C-A,-1.374943,0.002614566,0.009739099
YLL024C,-1.028626,0.0002874357,0.001516477
YLL031C,-1.13787,2.62184e-06,2.689813e-05
YLL051C,-1.135671,3.205646e-06,3.18163e-05
YLL055W,-1.256987,0.0002022034,0.001122247
YLL062C,-1.357231,3.999943e-05,0.000283733
YLL066C,-2.360437,2.078555e-15,1.735166e-13
YLR034C,-2.732474,2.6463630000000002e-33,1.007933e-30
YLR036C,-1.103442,1.166133e-05,9.610222e-05
YLR053C,-1.440789,8.856046e-05,0.0005698917
YLR054C,-1.025146,0.0092633,0.02757352
YLR058C,-1.767415,0.0001538833,0.000893961
YLR081W,-4.683823,3.1440900000000003e-19,4.165236e-17
YLR089C,-1.752553,1.708899e-14,1.210934e-12
YLR092W,-1.94471,6.29559e-08,1.036901e-06
YLR093C,-1.078759,4.396088e-08,7.636964e-07
YLR100W,-1.859536,1.065132e-10,3.434348e-09
YLR113W,-1.026126,2.953615e-06,2.965293e-05
YLR134W,-1.644383,0.0002096386,0.001154054
YLR136C,-1.04806,0.008225379,0.02497475
YLR152C,-1.340984,5.037422e-07,6.408778e-06
YLR153C,-1.860687,1.817314e-10,5.593288e-09
YLR166C,-1.062457,6.162038e-05,0.0004181677
YLR173W,-1.083412,0.000179492,0.001015621
YLR180W,-1.558452,0.0001423711,0.0008424651
YLR188W,-1.00185,0.003487047,0.01231744
YLR206W,-1.044023,5.689045e-08,9.53216e-07
YLR214W,-1.001236,0.0001051748,0.0006600775
YLR227W-B,-1.305838,0.00487892,0.0162879
YLR237W,-1.980281,4.581176e-12,2.093744e-10
YLR251W,-2.192542,1.58624e-06,1.723092e-05
YLR262C-A,-1.621881,1.420609e-06,1.568332e-05
YLR266C,-1.247819,4.962509e-06,4.617028e-05
YLR267W,-1.695331,0.0004578453,0.002242853
YLR274W,-1.198788,7.320691e-05,0.0004812545
YLR275W,-1.269853,9.988018e-05,0.000630093
YLR303W,-1.138521,0.005066457,0.01680729
YLR304C,-1.37506,5.258289e-09,1.12831e-07
YLR306W,-1.043742,0.001729059,0.006877863
YLR348C,-1.357761,6.073504e-08,1.005759e-06
YLR351C,-1.197536,3.532227e-06,3.466246e-05
YLR355C,-1.819451,1.831714e-08,3.510209e-07
YLR358C,-1.09852,0.008768055,0.02629554
YLR359W,-1.345631,0.001143447,0.004808947
YLR389C,-1.132615,7.505246e-10,1.984447e-08
YLR393W,-1.199992,0.0007255924,0.00331218
YLR422W,-1.735634,1.6965299999999999e-25,3.6923770000000006e-23
YLR440C,-1.061799,2.320872e-05,0.0001735386
YLR450W,-1.093743,1.056666e-09,2.694277e-08
YLR456W,-1.249198,0.0001279348,0.0007703897
YLR459W,-2.692232,3.405052e-13,1.957584e-11
YML003W,-1.158276,0.0005293329,0.002543971
YML005W,-1.27895,2.685598e-06,2.741379e-05
YML042W,-1.321639,0.0006194639,0.002910573
YML052W,-1.60835,3.803736e-06,3.691078e-05
YML066C,-1.48261,0.0003706637,0.001879222
YML075C,-1.242257,0.000142848,0.0008443413
YML083C,-2.129809,2.037432e-09,4.919096e-08
YML086C,-1.353163,8.040526e-06,6.989866e-05
YML087C,-5.162804,1.170813e-35,4.756621e-33
YML120C,-1.17059,0.0004257671,0.002100911
YML121W,-1.286906,7.782102e-05,0.0005072099
YML123C,-5.910289,3.574823e-38,1.815414e-35
YML126C,-1.44699,7.472804e-06,6.590343e-05
YML127W,-1.529608,2.30697e-07,3.231879e-06
YMR008C,-1.791348,1.768495e-09,4.310885e-08
YMR013C,-1.023267,0.0004313522,0.002121598
YMR015C,-1.762221,2.501845e-05,0.0001857034
YMR054W,-1.125749,1.024455e-08,2.074097e-07
YMR058W,-1.21187,0.0007744043,0.003500749
YMR062C,-1.010593,0.0007366233,0.003357504
YMR069W,-3.259597,7.050277e-13,3.836106e-11
YMR074C,-1.201336,0.0003972331,0.001985839
YMR081C,-1.112226,0.0008007883,0.003593523
YMR094W,-1.535016,5.072138e-11,1.823588e-09
YMR105W-A,-1.446947,0.00226619,0.008625961
YMR119W,-1.644384,3.366467e-12,1.602754e-10
YMR120C,-2.205556,2.211813e-05,0.0001664306
YMR150C,-2.764468,2.953274e-09,6.765885e-08
YMR154C,-1.180895,1.465492e-07,2.188899e-06
YMR178W,-1.055597,0.0004868409,0.002365876
YMR182C,-2.060155,3.959577e-07,5.2342e-06
YMR187C,-1.471816,9.368103e-06,7.973355e-05
YMR203W,-1.732733,9.100271e-06,7.767094e-05
YMR205C,-1.177542,1.14298e-06,1.2995e-05
YMR206W,-1.306641,8.163723e-05,0.0005275687
YMR220W,-1.060314,8.485183e-05,0.0005477617
YMR221C,-1.382056,4.786449e-07,6.13556e-06
YMR237W,-1.090546,2.032792e-05,0.0001560181
YMR241W,-1.167485,7.31093e-06,6.485125e-05
YMR251W,-1.466668,0.0004644912,0.002271757
YMR253C,-1.051832,8.363139e-06,7.208624e-05
YMR258C,-1.425326,1.874907e-07,2.694737e-06
YMR261C,-1.690949,2.719851e-11,1.044182e-09
YMR262W,-1.008445,8.184269e-06,7.085509e-05
YMR264W,-1.022466,6.17849e-06,5.611284e-05
YMR271C,-1.662251,6.729578e-05,0.0004496716
YMR272C,-1.523993,5.762203e-07,7.225281e-06
YMR300C,-2.547659,4.912151e-07,6.262478e-06
YMR303C,-2.508472,1.061125e-10,3.434348e-09
YMR315W,-1.007486,8.37805e-06,7.211276e-05
YMR319C,-2.491205,1.4113189999999998e-26,3.1854e-24
YMR320W,-1.341236,0.0001662679,0.0009553752
YNCB0003W,-1.126458,0.001140669,0.004808947
YNCB0009C,-4.671686,2.3806329999999997e-30,7.253789e-28
YNCB0010W,-1.38009,2.037701e-11,8.223677e-10
YNCB0011C,-5.435627,1.75716e-28,5.099111e-26
YNCB0013W,-1.708158,7.899963e-05,0.0005132449
YNCC0004C,-1.429156,1.18835e-05,9.747201e-05
YNCC0007C,-3.534629,0.001132604,0.004803123
YNCC0012C,-3.819205,4.834505e-20,7.014636e-18
YNCD0001W,-21.73054,6.452767e-10,1.732298e-08
YNCD0006W,-23.5338,5.157708e-18,6.044437e-16
YNCD0007C,-2.98883,3.174295e-10,9.167846e-09
YNCD0008W,-1.922748,7.346585e-08,1.184394e-06
YNCD0009W,-10.56676,6.516766e-09,1.37893e-07
YNCD0016C,-1.978576,3.975502e-06,3.821247e-05
YNCD0024C,-1.196926,0.00328242,0.01179999
YNCD0032C,-3.33016,1.27442e-27,3.376659e-25
YNCD0034C,-2.282663,2.945698e-09,6.765885e-08
YNCE0024W,-1.270555,6.761715e-08,1.104716e-06
YNCE0028C,-3.892558,1.134226e-14,8.228537e-13
YNCF0003C,-2.351987,2.905136e-11,1.099621e-09
YNCF0011C,-22.82255,6.950954e-09,1.465713e-07
YNCG0002C,-3.706182,0.00105527,0.004535131
YNCG0005W,-25.32855,2.313759e-12,1.137101e-10
YNCG0007C,-3.536499,0.001131713,0.004802689
YNCG0009C,-22.29742,2.372685e-08,4.462698e-07
YNCG0013W,-1.063958,0.0001071614,0.0006697864
YNCG0024W,-3.336264,6.116969999999999e-21,9.558158e-19
YNCG0028W,-1.688887,6.888248e-08,1.119386e-06
YNCG0033W,-2.84911,0.001558074,0.006295765
YNCG0042C,-22.61706,1.600691e-09,3.949234e-08
YNCH0004C,-1.730748,2.34267e-06,2.432066e-05
YNCH0008W,-1.234371,0.005779394,0.01864459
YNCI0006W,-10.27939,0.000129536,0.0007766522
YNCI0007C,-24.72902,1.059858e-14,7.781659e-13
YNCJ0008W,-5.354385,1.391658e-21,2.355767e-19
YNCJ0011W,-3.797442,0.00101753,0.004388414
YNCJ0021C,-23.42114,1.597051e-09,3.949234e-08
YNCK0002C,-1.472656,0.0003362575,0.001732167
YNCK0003W,-1.69417,7.777109e-06,6.806972e-05
YNCK0014W,-24.06254,6.650305e-10,1.777498e-08
YNCK0020C,-1.391627,1.582496e-08,3.051814e-07
YNCL0001W,-7.098857,0.0003491519,0.001790046
YNCL0007W,-5.6842,0.0004947744,0.002398691
YNCL0009C,-4.474511,0.0007938514,0.003570281
YNCL0041C,-1.104747,0.001465555,0.00599
YNCL0048W,-1.925407,4.239642e-07,5.544288e-06
YNCM0011W,-1.938455,4.4141e-06,4.189957e-05
YNCM0015W,-1.25578,5.510871e-05,0.0003786161
YNCM0030W,-1.993102,5.826986e-10,1.599534e-08
YNCM0031W,-1.553493,1.152543e-06,1.305501e-05
YNCM0032C,-3.81234,9.65216e-10,2.524475e-08
YNCM0034C,-1.879222,1.198428e-10,3.784052e-09
YNCN0001W,-1.275556,4.757784e-05,0.0003306036
YNCN0010C,-21.5381,3.04582e-08,5.557254e-07
YNCN0016C,-2.042389,0.0003328779,0.001717661
YNCN0017W,-5.641978,0.0005091472,0.002462495
YNCN0018W,-2.629654,1.405725e-11,5.791228e-10
YNCO0016W,-1.347834,0.004742332,0.01595791
YNCO0022C,-1.054993,0.0009113641,0.003998454
YNCO0024C,-1.57968,8.238831e-06,7.111535e-05
YNCO0026W,-2.361346,1.125525e-10,3.609972e-09
YNCO0027C,-1.011667,0.002564571,0.009582156
YNCP0013C,-1.253691,6.937549e-05,0.000459597
YNCP0025W,-1.368654,6.663482e-08,1.091593e-06
YNCP0026W,-1.298522,8.741047e-09,1.793533e-07
YNL005C,-2.453451,2.480581e-32,8.892152e-30
YNL007C,-1.00942,0.0005736373,0.002724666
YNL009W,-1.001863,0.001946617,0.00757515
YNL020C,-1.221139,2.19591e-05,0.0001662345
YNL038W,-1.103172,0.0001275859,0.0007698105
YNL042W-B,-1.032266,0.004005425,0.01379823
YNL045W,-1.900604,2.44896e-19,3.3929930000000004e-17
YNL054W-B,-1.254041,0.006191569,0.01975467
YNL066W,-1.483963,1.545195e-05,0.0001225276
YNL085W,-1.052586,7.469798e-07,9.067919e-06
YNL101W,-2.130439,4.088292e-12,1.901836e-10
YNL111C,-1.807392,0.0001436396,0.0008473763
YNL122C,-1.825258,7.289292e-06,6.475357e-05
YNL130C,-1.144709,6.958908e-06,6.218121e-05
YNL142W,-1.482838,0.000129612,0.0007766522
YNL158W,-1.086787,0.001566478,0.00631357
YNL159C,-1.102786,4.695507e-05,0.0003273961
YNL184C,-1.511803,0.0002092345,0.001152871
YNL190W,-1.009058,0.01240025,0.0350172
YNL193W,-6.810369,2.33276e-93,4.738612e-90
YNL214W,-1.31256,3.938462e-05,0.0002797318
YNL220W,-1.302718,4.049898e-06,3.880516e-05
YNL222W,-2.300846,5.783615e-14,3.831016e-12
YNL234W,-1.003006,0.000146658,0.0008609901
YNL238W,-1.435045,5.943476e-09,1.270861e-07
YNL259C,-2.074894,3.45729e-06,3.409179e-05
YNL277W,-2.02949,5.243644e-08,9.001343e-07
YNL280C,-1.708799,1.273494e-12,6.521575e-11
YNL284C-B,-2.891407,5.396487e-10,1.488063e-08
YNL286W,-1.020699,0.000103287,0.0006502389
YNL301C,-1.432195,7.6885e-07,9.277964e-06
YNL311C,-1.212968,1.115121e-05,9.245646e-05
YNL317W,-1.194598,2.176568e-05,0.0001651806
YNL318C,-3.192557,6.960397e-14,4.560931e-12
YNL326C,-1.072869,0.0003131612,0.001626943
YNL336W,-2.417439,5.209983e-47,3.174964e-44
YNR004W,-1.07071,0.007979952,0.0244371
YNR034W-A,-1.041183,0.01164495,0.03330605
YNR060W,-1.227914,0.0001891163,0.001060234
YNR061C,-1.485556,9.381676e-05,0.0005980328
YNR066C,-1.100977,2.759377e-06,2.81198e-05
YNR067C,-1.23105,0.0005466165,0.002616717
YNR069C,-1.233803,0.0001687458,0.0009664818
YNR070W,-2.019192,1.013923e-10,3.32196e-09
YNR074C,-3.207821,9.394954e-12,4.003696e-10
YNR075W,-4.843849,1.735787e-36,7.5556329999999995e-34
YOL018C,-1.041214,2.232797e-05,0.0001675698
YOL030W,-1.699173,3.224764e-08,5.866182e-07
YOL049W,-2.169076,4.19297e-15,3.241277e-13
YOL057W,-1.105459,0.0004120878,0.002045002
YOL060C,-1.454151,2.73095e-07,3.765251e-06
YOL064C,-1.410668,1.636357e-06,1.76183e-05
YOL086W-A,-1.192423,0.0003025833,0.001580071
YOL096C,-2.538106,3.668089e-12,1.719487e-10
YOL105C,-2.408456,1.028602e-15,8.954712e-14
YOL107W,-1.047766,2.890028e-06,2.911047e-05
YOL119C,-1.610696,4.671316e-08,8.087216e-07
YOL122C,-1.294321,1.047241e-06,1.206315e-05
YOL126C,-1.266122,1.386561e-05,0.0001122139
YOL136C,-1.059386,0.000752618,0.003417626
YOL153C,-2.143781,2.94094e-09,6.765885e-08
YOL154W,-5.791251,2.342471e-12,1.142001e-10
YOL155C,-2.982617,3.90989e-15,3.094399e-13
YOL158C,-2.978783,1.84467e-23,3.626264e-21
YOL159C,-1.346639,3.358658e-05,0.0002433729
YOL159C-A,-2.866832,1.043406e-12,5.388574e-11
YOR002W,-1.099322,1.206396e-07,1.86121e-06
YOR009W,-2.724058,9.100443e-11,3.030497e-09
YOR012W,-2.780521,6.002845e-06,5.476249e-05
YOR044W,-1.373727,1.528456e-07,2.266281e-06
YOR072W-B,-2.464761,2.042224e-09,4.919096e-08
YOR107W,-1.126695,0.002811142,0.01035112
YOR109W,-1.099519,4.351393e-12,2.008893e-10
YOR114W,-1.674298,1.676029e-06,1.801362e-05
YOR128C,-1.354101,0.0003539328,0.001807935
YOR176W,-1.496836,6.717636e-07,8.286897e-06
YOR184W,-1.358082,0.0001679528,0.0009629681
YOR192C-B,-5.059944,4.492225e-56,3.421953e-53
YOR219C,-2.660472,1.1118619999999999e-20,1.693922e-18
YOR273C,-1.244832,8.527254e-05,0.0005498951
YOR292C,-1.182146,3.493188e-06,3.439013e-05
YOR296W,-1.251366,3.046943e-09,6.928385e-08
YOR316C,-1.430456,9.607454e-07,1.115197e-05
YOR343W-B,-1.082635,0.0114303,0.032764
YOR344C,-2.469969,3.378067e-21,5.417352999999999e-19
YOR347C,-1.050893,4.637879e-05,0.0003237484
YOR348C,-1.171085,0.001141325,0.004808947
YOR353C,-1.278522,3.910613e-08,6.947894e-07
YOR357C,-1.590412,1.218484e-05,9.980428e-05
YOR375C,-1.491163,3.332848e-05,0.0002420783
YOR376W-A,-1.392319,0.0008898248,0.003923728
YOR388C,-1.70821,0.00090232,0.003970208
YPL002C,-1.366114,0.0003871302,0.001943304
YPL003W,-1.062286,1.401884e-07,2.123953e-06
YPL014W,-1.529296,2.018012e-05,0.000155079
YPL018W,-2.011843,6.179519e-08,1.020542e-06
YPL019C,-1.375143,1.853558e-10,5.676171e-09
YPL081W,-1.282793,2.037415e-05,0.0001561762
YPL112C,-1.066199,0.0001407088,0.0008357501
YPL113C,-1.465051,1.584866e-05,0.0001248462
YPL120W,-1.037866,2.260112e-07,3.203051e-06
YPL152W,-1.046898,0.0002648128,0.001413108
YPL162C,-1.363298,0.0006471683,0.003015666
YPL165C,-1.523504,0.0004108946,0.002040743
YPL177C,-1.03343,0.0003083027,0.001604438
YPL192C,-6.693338,1.110338e-49,7.51822e-47
YPL215W,-1.121981,0.0008662414,0.003836392
YPL241C,-1.481526,0.0001139512,0.0007035652
YPL250C,-2.243348,1.466772e-06,1.61345e-05
YPL257W,-2.369095,3.520062e-10,1.002395e-08
YPL264C,-1.213121,0.0001162069,0.0007145963
YPL265W,-1.713299,3.131496e-16,2.935898e-14
YPL274W,-1.902363,3.563205e-08,6.41572e-07
YPL283C,-1.004174,0.01033204,0.03006852
YPR003C,-1.61073,4.2816789999999996e-19,5.551607e-17
YPR013C,-1.804537,4.811689e-16,4.442793e-14
YPR028W,-1.423559,4.166915e-07,5.460899e-06
YPR035W,-1.748617,7.678031e-09,1.591494e-07
YPR051W,-1.704184,7.765115e-07,9.351899e-06
YPR066W,-1.600755,1.039361e-09,2.672516e-08
YPR071W,-1.558163,4.627193e-06,4.344856e-05
YPR109W,-1.094119,0.0003074308,0.001601268
YPR131C,-1.543572,1.348587e-06,1.496748e-05
YPR138C,-1.343897,9.357738e-07,1.096655e-05
YPR145W,-1.947114,1.565463e-17,1.730331e-15
YPR147C,-1.268757,9.811921e-05,0.0006201831
YPR155C,-1.071553,0.0001789229,0.001014178
YPR156C,-2.940999,1.859276e-16,1.770379e-14
YPR157W,-1.603309,4.998974e-05,0.000345786
YPR158W-B,-1.562459,0.002297195,0.008722183
YPR159W,-1.151341,0.0006667697,0.003094665
YPR167C,-1.002958,0.001099119,0.004697075
YPR181C,-1.069823,7.034341e-05,0.0004644342
YPR192W,-1.158007,0.005262121,0.01730565
YPR194C,-3.458101,1.42653e-13,8.781086e-12
YPR196W,-1.529023,2.850938e-08,5.233017e-07
YPR198W,-2.571425,2.8416220000000003e-27,6.926739e-25
YPR200C,-1.517869,0.0008095867,0.003624997
